{
  "id": "barra-de-santo-antonio",
  "nome": "BARRA DE SANTO ANTONIO",
  "detalhe": {
    "2022": {
      "1": {
        "valores_gastos": 77245364.76
      },
      "2": {
        "valores_gastos": 55383.200000000004
      },
      "3": {
        "valores_gastos": 476719.29000000004
      },
      "4": {
        "valores_gastos": 568000.0
      },
      "5": {
        "valores_gastos": 8985349.6
      },
      "6": {
        "valores_gastos": 10252321.069999998
      },
      "7": {
        "valores_gastos": 1631884.23
      },
      "8": {
        "valores_gastos": 1865010.0
      },
      "9": {
        "valores_gastos": 6690131.62
      },
      "10": {
        "valores_gastos": 7732606.100000001
      },
      "11": {
        "valores_gastos": 4290461.38
      },
      "12": {
        "valores_gastos": 4233454.640000001
      }
    },
    "2023": {
      "1": {
        "valores_gastos": 3615511.460000002
      },
      "2": {
        "valores_gastos": 1970603.2399999998
      },
      "3": {
        "valores_gastos": 7043313.67
      },
      "4": {
        "valores_gastos": 5483572.550000001
      },
      "5": {
        "valores_gastos": 42790665.660000004
      },
      "6": {
        "valores_gastos": 7515510.32
      },
      "7": {
        "valores_gastos": 4023576.63
      },
      "8": {
        "valores_gastos": 3853207.0100000002
      },
      "9": {
        "valores_gastos": 3148811.31
      },
      "10": {
        "valores_gastos": 920650.98
      },
      "11": {
        "valores_gastos": 716425.65
      }
    }
  },
  "resumo": {
    "valores_gastos": 205108534.36999997
  }
}