{
  "id": "barra-de-são-miguel",
  "nome": "BARRA DE SÃO MIGUEL",
  "detalhe": {
    "2022": {
      "1": {
        "valores_gastos": 3779922.89
      },
      "2": {
        "valores_gastos": 4161946.01
      },
      "3": {
        "valores_gastos": 10128209.74
      },
      "4": {
        "valores_gastos": 16099911.360000001
      },
      "5": {
        "valores_gastos": 7014484.460000001
      },
      "6": {
        "valores_gastos": 7649269.9399999995
      },
      "7": {
        "valores_gastos": 2163902.65
      },
      "8": {
        "valores_gastos": 7071343.39
      },
      "9": {
        "valores_gastos": 14921421.29
      },
      "10": {
        "valores_gastos": 16500.0
      },
      "11": {
        "valores_gastos": 12286531.700000001
      },
      "12": {
        "valores_gastos": 18568440.939999998
      }
    }
  }
}