{
  "id": "belo-monte",
  "nome": "BELO MONTE",
  "detalhe": {
    "2022": {
      "resumo": {
        "valores_gastos": 362515294.24
      },
      "1": {
        "valores_gastos": 1997388.0
      },
      "2": {
        "valores_gastos": 1336090.65
      },
      "3": {
        "valores_gastos": 8502194.15
      },
      "4": {
        "valores_gastos": 418016.3
      },
      "5": {
        "valores_gastos": 353250.0
      },
      "6": {
        "valores_gastos": 8055368.4
      },
      "7": {
        "valores_gastos": 66501257.489999995
      },
      "8": {
        "valores_gastos": 226771.06
      },
      "9": {
        "valores_gastos": 90138.68999999999
      },
      "10": {
        "valores_gastos": 274013641.96
      },
      "11": {
        "valores_gastos": 680547.1599999999
      },
      "12": {
        "valores_gastos": 340630.38
      }
    },
    "2023": {
      "resumo": {
        "valores_gastos": 25106002.789999995
      },
      "1": {
        "valores_gastos": 3624647.52
      },
      "2": {
        "valores_gastos": 9357903.94
      },
      "3": {
        "valores_gastos": 2131575.46
      },
      "4": {
        "valores_gastos": 36736.770000000004
      },
      "5": {
        "valores_gastos": 6570563.04
      },
      "6": {
        "valores_gastos": 1116833.71
      },
      "7": {
        "valores_gastos": 20000.0
      },
      "8": {
        "valores_gastos": 427459.2
      },
      "9": {
        "valores_gastos": 419924.04
      },
      "10": {
        "valores_gastos": 1328837.73
      },
      "11": {
        "valores_gastos": 71521.38
      }
    }
  },
  "resumo": {
    "valores_gastos": 387621297.03
  }
}