{
  "id": "cacimbinhas",
  "nome": "CACIMBINHAS",
  "detalhe": {
    "2022": {
      "resumo": {
        "valores_gastos": 85428067.49000001
      },
      "1": {
        "valores_gastos": 5011098.609999999
      },
      "2": {
        "valores_gastos": 424752.07
      },
      "3": {
        "valores_gastos": 3021641.3
      },
      "4": {
        "valores_gastos": 25047514.99000001
      },
      "5": {
        "valores_gastos": 7577144.08
      },
      "6": {
        "valores_gastos": 1002574.78
      },
      "7": {
        "valores_gastos": 7381878.6
      },
      "8": {
        "valores_gastos": 2065121.77
      },
      "9": {
        "valores_gastos": 5883203.369999999
      },
      "10": {
        "valores_gastos": 19749758.83
      },
      "11": {
        "valores_gastos": 4652800.0
      },
      "12": {
        "valores_gastos": 3610579.09
      }
    },
    "2023": {
      "resumo": {
        "valores_gastos": 53243979.769999996
      },
      "1": {
        "valores_gastos": 8946898.229999999
      },
      "2": {
        "valores_gastos": 1495701.2999999998
      },
      "3": {
        "valores_gastos": 252412.35
      },
      "4": {
        "valores_gastos": 9751544.32
      },
      "5": {
        "valores_gastos": 692093.76
      },
      "6": {
        "valores_gastos": 3884913.13
      },
      "7": {
        "valores_gastos": 73174.0
      },
      "8": {
        "valores_gastos": 3161780.0
      },
      "9": {
        "valores_gastos": 2365291.16
      },
      "10": {
        "valores_gastos": 22620171.52
      },
      "11": {
        "valores_gastos": 0.0
      }
    }
  },
  "resumo": {
    "valores_gastos": 138672047.26
  }
}