{
  "id": "campo-alegre",
  "nome": "CAMPO ALEGRE",
  "detalhe": {
    "2022": {
      "1": {
        "valores_gastos": 3357950.280000002
      },
      "2": {
        "valores_gastos": 26007082.68000002
      },
      "3": {
        "valores_gastos": 33319935.53999999
      },
      "4": {
        "valores_gastos": 53332228.73000002
      },
      "5": {
        "valores_gastos": 28362889.680000007
      },
      "6": {
        "valores_gastos": 18992679.439999998
      },
      "7": {
        "valores_gastos": 4342675.199999999
      },
      "8": {
        "valores_gastos": 38100785.18000001
      },
      "9": {
        "valores_gastos": 18018555.83
      },
      "10": {
        "valores_gastos": 8609039.04
      },
      "11": {
        "valores_gastos": 4792293.399999999
      },
      "12": {
        "valores_gastos": 9835688.45
      }
    }
  }
}