{
  "id": "campo-alegre",
  "nome": "CAMPO ALEGRE",
  "detalhe": {
    "2022": {
      "resumo": {
        "valores_gastos": 247071803.45
      },
      "1": {
        "valores_gastos": 3357950.280000002
      },
      "2": {
        "valores_gastos": 26007082.68000002
      },
      "3": {
        "valores_gastos": 33319935.53999999
      },
      "4": {
        "valores_gastos": 53332228.73000002
      },
      "5": {
        "valores_gastos": 28362889.680000007
      },
      "6": {
        "valores_gastos": 18992679.439999998
      },
      "7": {
        "valores_gastos": 4342675.199999999
      },
      "8": {
        "valores_gastos": 38100785.18000001
      },
      "9": {
        "valores_gastos": 18018555.83
      },
      "10": {
        "valores_gastos": 8609039.04
      },
      "11": {
        "valores_gastos": 4792293.399999999
      },
      "12": {
        "valores_gastos": 9835688.45
      }
    },
    "2023": {
      "resumo": {
        "valores_gastos": 297751983.42
      },
      "1": {
        "valores_gastos": 17397195.649999995
      },
      "2": {
        "valores_gastos": 41318924.839999996
      },
      "3": {
        "valores_gastos": 26379168.62
      },
      "4": {
        "valores_gastos": 73740756.69
      },
      "5": {
        "valores_gastos": 50652390.16000001
      },
      "6": {
        "valores_gastos": 11691464.56
      },
      "7": {
        "valores_gastos": 18930565.339999996
      },
      "8": {
        "valores_gastos": 18691695.51
      },
      "9": {
        "valores_gastos": 9591498.47
      },
      "10": {
        "valores_gastos": 6217289.240000001
      },
      "11": {
        "valores_gastos": 23141034.34
      }
    }
  },
  "resumo": {
    "valores_gastos": 544823786.87
  }
}