{
  "id": "canapi",
  "nome": "CANAPI",
  "detalhe": {
    "2022": {
      "resumo": {
        "valores_gastos": 133125886.17
      },
      "1": {
        "valores_gastos": 16087858.21
      },
      "2": {
        "valores_gastos": 14275180.759999998
      },
      "3": {
        "valores_gastos": 10348010.72
      },
      "4": {
        "valores_gastos": 19803308.41
      },
      "5": {
        "valores_gastos": 5319090.57
      },
      "6": {
        "valores_gastos": 6936017.359999999
      },
      "7": {
        "valores_gastos": 3273055.58
      },
      "8": {
        "valores_gastos": 4071894.85
      },
      "9": {
        "valores_gastos": 16986983.0
      },
      "10": {
        "valores_gastos": 12674373.230000002
      },
      "11": {
        "valores_gastos": 10227921.36
      },
      "12": {
        "valores_gastos": 13122192.12
      }
    },
    "2023": {
      "resumo": {
        "valores_gastos": 94485400.07999998
      },
      "1": {
        "valores_gastos": 3594731.3200000003
      },
      "2": {
        "valores_gastos": 18637851.52
      },
      "3": {
        "valores_gastos": 13509467.759999996
      },
      "4": {
        "valores_gastos": 6447715.050000001
      },
      "5": {
        "valores_gastos": 2679525.7399999998
      },
      "6": {
        "valores_gastos": 9560681.89
      },
      "7": {
        "valores_gastos": 2997075.92
      },
      "8": {
        "valores_gastos": 2844992.73
      },
      "9": {
        "valores_gastos": 16839995.220000003
      },
      "10": {
        "valores_gastos": 13157882.44
      },
      "11": {
        "valores_gastos": 4215480.49
      }
    }
  },
  "resumo": {
    "valores_gastos": 227611286.25000003
  }
}