{
  "id": "carneiros",
  "nome": "CARNEIROS",
  "detalhe": {
    "2022": {
      "resumo": {
        "valores_gastos": 141557567.57999998
      },
      "1": {
        "valores_gastos": 60000.0
      },
      "2": {
        "valores_gastos": 6354516.81
      },
      "3": {
        "valores_gastos": 1132617.5899999999
      },
      "4": {
        "valores_gastos": 19154291.83
      },
      "5": {
        "valores_gastos": 8467502.85
      },
      "6": {
        "valores_gastos": 61781660.99999999
      },
      "7": {
        "valores_gastos": 7649061.100000001
      },
      "8": {
        "valores_gastos": 15658625.360000001
      },
      "9": {
        "valores_gastos": 5399963.149999999
      },
      "10": {
        "valores_gastos": 5827769.66
      },
      "11": {
        "valores_gastos": 5347040.23
      },
      "12": {
        "valores_gastos": 4724518.0
      }
    },
    "2023": {
      "resumo": {
        "valores_gastos": 63512204.8
      },
      "1": {
        "valores_gastos": 3061251.8200000003
      },
      "2": {
        "valores_gastos": 2517983.2
      },
      "3": {
        "valores_gastos": 3183415.0300000003
      },
      "4": {
        "valores_gastos": 27088638.39
      },
      "5": {
        "valores_gastos": 776075.0
      },
      "6": {
        "valores_gastos": 2243502.92
      },
      "7": {
        "valores_gastos": 4866501.79
      },
      "8": {
        "valores_gastos": 10623031.68
      },
      "9": {
        "valores_gastos": 3951974.08
      },
      "10": {
        "valores_gastos": 5199830.889999999
      },
      "11": {
        "valores_gastos": 0.0
      }
    }
  },
  "resumo": {
    "valores_gastos": 205069772.37999997
  }
}