{
  "id": "coité-do-nóia",
  "nome": "COITÉ DO NÓIA",
  "detalhe": {
    "2022": {
      "1": {
        "valores_gastos": 1764825.96
      },
      "2": {
        "valores_gastos": 15736185.99
      },
      "3": {
        "valores_gastos": 2844429.73
      },
      "4": {
        "valores_gastos": 4978239.720000001
      },
      "5": {
        "valores_gastos": 11783397.73
      },
      "6": {
        "valores_gastos": 8374246.12
      },
      "7": {
        "valores_gastos": 5384993.46
      },
      "8": {
        "valores_gastos": 1579530.2199999997
      },
      "9": {
        "valores_gastos": 8231658.120000001
      },
      "10": {
        "valores_gastos": 7106938.29
      },
      "11": {
        "valores_gastos": 3280939.1599999997
      },
      "12": {
        "valores_gastos": 6600167.600000001
      }
    },
    "2023": {
      "1": {
        "valores_gastos": 23416207.9
      },
      "2": {
        "valores_gastos": 9824962.98
      },
      "3": {
        "valores_gastos": 11635513.590000002
      },
      "4": {
        "valores_gastos": 3393196.6399999997
      },
      "5": {
        "valores_gastos": 5778269.65
      },
      "6": {
        "valores_gastos": 319894.74
      },
      "7": {
        "valores_gastos": 2558066.7
      },
      "8": {
        "valores_gastos": 17834844.4
      },
      "9": {
        "valores_gastos": 1869311.5
      },
      "10": {
        "valores_gastos": 1176062.61
      },
      "11": {
        "valores_gastos": 3297179.7199999997
      }
    }
  },
  "resumo": {
    "valores_gastos": 158769062.53000003
  }
}