{
  "id": "craibas",
  "nome": "CRAÍBAS",
  "detalhe": {
    "2022": {
      "1": {
        "valores_gastos": 48695.82
      },
      "2": {
        "valores_gastos": 2047684.0
      },
      "3": {
        "valores_gastos": 5100539.9
      },
      "4": {
        "valores_gastos": 3473454.53
      },
      "5": {
        "valores_gastos": 92300.0
      },
      "6": {
        "valores_gastos": 0.0
      },
      "7": {
        "valores_gastos": 0.0
      },
      "8": {
        "valores_gastos": 13976392.619999986
      },
      "9": {
        "valores_gastos": 2250095.5599999996
      },
      "10": {
        "valores_gastos": 0.0
      },
      "11": {
        "valores_gastos": 683593126.0
      },
      "12": {
        "valores_gastos": 5332.410000000001
      }
    },
    "2023": {
      "1": {
        "valores_gastos": 123006.37
      },
      "2": {
        "valores_gastos": 0.0
      },
      "3": {
        "valores_gastos": 482807.39999999944
      },
      "4": {
        "valores_gastos": 1790167.5199999993
      },
      "5": {
        "valores_gastos": 985703.7600000001
      },
      "6": {
        "valores_gastos": 12000.0
      },
      "7": {
        "valores_gastos": 0.0
      },
      "8": {
        "valores_gastos": 0.0
      },
      "9": {
        "valores_gastos": 0.0
      },
      "10": {
        "valores_gastos": 0.0
      },
      "11": {
        "valores_gastos": 50.0
      }
    }
  },
  "resumo": {
    "valores_gastos": 713981355.8899999
  }
}