{
  "id": "delmiro-gouveia",
  "nome": "DELMIRO GOUVEIA",
  "detalhe": {
    "2022": {
      "1": {
        "valores_gastos": 2339380.88
      },
      "2": {
        "valores_gastos": 10813092.82
      },
      "3": {
        "valores_gastos": 38865126.6
      },
      "4": {
        "valores_gastos": 15951284.719999999
      },
      "5": {
        "valores_gastos": 44584513.55000001
      },
      "6": {
        "valores_gastos": 90135396.85000001
      },
      "7": {
        "valores_gastos": 582399008.4000037
      },
      "8": {
        "valores_gastos": 55271551.17999999
      },
      "9": {
        "valores_gastos": 134766394.44
      },
      "10": {
        "valores_gastos": 22681754.6
      },
      "11": {
        "valores_gastos": 85996951.66000001
      },
      "12": {
        "valores_gastos": 1094658990.0600007
      }
    }
  }
}