{
  "id": "dois-riachos",
  "nome": "DOIS RIACHOS",
  "detalhe": {
    "2022": {
      "resumo": {
        "valores_gastos": 116683622.52000003
      },
      "1": {
        "valores_gastos": 0.0
      },
      "2": {
        "valores_gastos": 409690.0
      },
      "3": {
        "valores_gastos": 39194550.44000001
      },
      "4": {
        "valores_gastos": 21618625.29
      },
      "5": {
        "valores_gastos": 1458984.7599999998
      },
      "6": {
        "valores_gastos": 1049735.67
      },
      "7": {
        "valores_gastos": 11108274.48
      },
      "8": {
        "valores_gastos": 1420297.2
      },
      "9": {
        "valores_gastos": 8151818.500000001
      },
      "10": {
        "valores_gastos": 6483385.62
      },
      "11": {
        "valores_gastos": 21273897.980000004
      },
      "12": {
        "valores_gastos": 4514362.58
      }
    },
    "2023": {
      "resumo": {
        "valores_gastos": 99077395.45000002
      },
      "1": {
        "valores_gastos": 15351325.0
      },
      "2": {
        "valores_gastos": 239932.19999999998
      },
      "3": {
        "valores_gastos": 8374222.1
      },
      "4": {
        "valores_gastos": 2236389.99
      },
      "5": {
        "valores_gastos": 4594189.36
      },
      "6": {
        "valores_gastos": 12255091.41
      },
      "7": {
        "valores_gastos": 43770828.65
      },
      "8": {
        "valores_gastos": 3423243.37
      },
      "9": {
        "valores_gastos": 8538423.37
      },
      "10": {
        "valores_gastos": 133750.0
      },
      "11": {
        "valores_gastos": 160000.0
      }
    }
  },
  "resumo": {
    "valores_gastos": 215761017.97000006
  }
}