{
  "id": "feliz-deserto",
  "nome": "FELIZ DESERTO",
  "detalhe": {
    "2022": {
      "resumo": {
        "valores_gastos": 13186553.22
      },
      "1": {
        "valores_gastos": 4477778.390000001
      },
      "2": {
        "valores_gastos": 375169.98
      },
      "3": {
        "valores_gastos": 14772.96
      },
      "4": {
        "valores_gastos": 858844.4700000001
      },
      "5": {
        "valores_gastos": 1087819.16
      },
      "6": {
        "valores_gastos": 939872.08
      },
      "7": {
        "valores_gastos": 558965.33
      },
      "8": {
        "valores_gastos": 616992.0
      },
      "9": {
        "valores_gastos": 1891652.4300000002
      },
      "10": {
        "valores_gastos": 1752876.42
      },
      "11": {
        "valores_gastos": 490310.0
      },
      "12": {
        "valores_gastos": 121500.0
      }
    },
    "2023": {
      "resumo": {
        "valores_gastos": 18900268.199999996
      },
      "1": {
        "valores_gastos": 1656904.8499999999
      },
      "2": {
        "valores_gastos": 460228.41000000003
      },
      "3": {
        "valores_gastos": 4832690.1
      },
      "4": {
        "valores_gastos": 2225928.1
      },
      "5": {
        "valores_gastos": 3093701.99
      },
      "6": {
        "valores_gastos": 2826289.95
      },
      "7": {
        "valores_gastos": 433286.0
      },
      "8": {
        "valores_gastos": 1535226.48
      },
      "9": {
        "valores_gastos": 16580.0
      },
      "10": {
        "valores_gastos": 867258.9199999999
      },
      "11": {
        "valores_gastos": 952173.4
      }
    }
  },
  "resumo": {
    "valores_gastos": 32086821.42
  }
}