{
  "id": "ibateguara",
  "nome": "IBATEGUARA",
  "detalhe": {
    "2022": {
      "1": {
        "valores_gastos": 4620662.8
      },
      "2": {
        "valores_gastos": 424515.95
      },
      "3": {
        "valores_gastos": 479622.0
      },
      "4": {
        "valores_gastos": 9664031.06
      },
      "5": {
        "valores_gastos": 5709863.999999999
      },
      "6": {
        "valores_gastos": 6493394.659999999
      },
      "7": {
        "valores_gastos": 3063128.4
      },
      "8": {
        "valores_gastos": 1920824.6700000002
      },
      "9": {
        "valores_gastos": 6379010.46
      },
      "10": {
        "valores_gastos": 10588585.0
      },
      "11": {
        "valores_gastos": 3175515.99
      },
      "12": {
        "valores_gastos": 21450246.6
      }
    },
    "2023": {
      "1": {
        "valores_gastos": 39957610.67
      },
      "2": {
        "valores_gastos": 10714229.64
      },
      "3": {
        "valores_gastos": 10455066.8
      },
      "4": {
        "valores_gastos": 1909631.05
      },
      "5": {
        "valores_gastos": 6070285.040000001
      },
      "6": {
        "valores_gastos": 12230673.69
      },
      "7": {
        "valores_gastos": 412067.86000000004
      },
      "8": {
        "valores_gastos": 5459834.08
      },
      "9": {
        "valores_gastos": 8747639.76
      },
      "10": {
        "valores_gastos": 1842219.45
      },
      "11": {
        "valores_gastos": 0.0
      }
    }
  },
  "resumo": {
    "valores_gastos": 171768659.63000003
  }
}