{
  "id": "igaci",
  "nome": "IGACI",
  "detalhe": {
    "2022": {
      "resumo": {
        "valores_gastos": 33525573.36
      },
      "1": {
        "valores_gastos": 2163998.27
      },
      "2": {
        "valores_gastos": 2413838.04
      },
      "3": {
        "valores_gastos": 140242.3
      },
      "4": {
        "valores_gastos": 34920.0
      },
      "5": {
        "valores_gastos": 9913136.29
      },
      "6": {
        "valores_gastos": 3819854.25
      },
      "7": {
        "valores_gastos": 387180.0
      },
      "8": {
        "valores_gastos": 621000.0
      },
      "9": {
        "valores_gastos": 141053.85
      },
      "10": {
        "valores_gastos": 0.0
      },
      "11": {
        "valores_gastos": 1067454.98
      },
      "12": {
        "valores_gastos": 12822895.38
      }
    },
    "2023": {
      "resumo": {
        "valores_gastos": 37754715.660000004
      },
      "1": {
        "valores_gastos": 178800.5
      },
      "2": {
        "valores_gastos": 5428254.5600000005
      },
      "3": {
        "valores_gastos": 7416782.47
      },
      "4": {
        "valores_gastos": 2669127.2800000003
      },
      "5": {
        "valores_gastos": 1804221.03
      },
      "6": {
        "valores_gastos": 4983290.88
      },
      "7": {
        "valores_gastos": 1054238.94
      },
      "8": {
        "valores_gastos": 14220000.0
      },
      "9": {
        "valores_gastos": 0.0
      },
      "10": {
        "valores_gastos": 0.0
      },
      "11": {
        "valores_gastos": 0.0
      }
    }
  },
  "resumo": {
    "valores_gastos": 71280289.02000001
  }
}