{
  "id": "jacaré-dos-homens",
  "nome": "JACARÉ DOS HOMENS",
  "detalhe": {
    "2022": {
      "1": {
        "valores_gastos": 1319780.58
      },
      "2": {
        "valores_gastos": 469976.8
      },
      "3": {
        "valores_gastos": 2717148.2
      },
      "4": {
        "valores_gastos": 595867.7999999999
      },
      "5": {
        "valores_gastos": 2356568.95
      },
      "6": {
        "valores_gastos": 271361.93000000005
      },
      "7": {
        "valores_gastos": 693907.6799999999
      },
      "8": {
        "valores_gastos": 23640.0
      },
      "9": {
        "valores_gastos": 96547.9
      },
      "10": {
        "valores_gastos": 2022178.7
      },
      "11": {
        "valores_gastos": 901242.5
      },
      "12": {
        "valores_gastos": 120000.0
      }
    },
    "2023": {
      "1": {
        "valores_gastos": 230407.84
      },
      "2": {
        "valores_gastos": 118928.19
      },
      "3": {
        "valores_gastos": 5778063.4799999995
      },
      "4": {
        "valores_gastos": 150000.0
      },
      "5": {
        "valores_gastos": 2669416.76
      },
      "6": {
        "valores_gastos": 1268465.2
      },
      "7": {
        "valores_gastos": 680251.85
      },
      "8": {
        "valores_gastos": 0.0
      },
      "9": {
        "valores_gastos": 0.0
      },
      "10": {
        "valores_gastos": 0.0
      },
      "11": {
        "valores_gastos": 210266.16
      }
    }
  },
  "resumo": {
    "valores_gastos": 22694020.519999996
  }
}