{
  "id": "jacuípe",
  "nome": "JACUÍPE",
  "detalhe": {
    "2022": {
      "1": {
        "valores_gastos": 0.0
      },
      "2": {
        "valores_gastos": 1234459.24
      },
      "3": {
        "valores_gastos": 108310.0
      },
      "4": {
        "valores_gastos": 1332549.7799999996
      },
      "5": {
        "valores_gastos": 0.0
      },
      "6": {
        "valores_gastos": 1641185.36
      },
      "7": {
        "valores_gastos": 847743.74
      },
      "8": {
        "valores_gastos": 2829125.37
      },
      "9": {
        "valores_gastos": 1603510.94
      },
      "10": {
        "valores_gastos": 0.0
      },
      "11": {
        "valores_gastos": 7769616.18
      },
      "12": {
        "valores_gastos": 1058572.0
      }
    },
    "2023": {
      "1": {
        "valores_gastos": 383356.0
      },
      "2": {
        "valores_gastos": 2459488.25
      },
      "3": {
        "valores_gastos": 4284016.24
      },
      "4": {
        "valores_gastos": 305020.0
      },
      "5": {
        "valores_gastos": 3255602.29
      },
      "6": {
        "valores_gastos": 2274451.8
      },
      "7": {
        "valores_gastos": 3723225.4299999997
      },
      "8": {
        "valores_gastos": 2754922.52
      },
      "9": {
        "valores_gastos": 13217244.43
      },
      "10": {
        "valores_gastos": 3175287.3699999996
      },
      "11": {
        "valores_gastos": 9283406.4
      }
    }
  },
  "resumo": {
    "valores_gastos": 63541093.34
  }
}