{
  "id": "japaratinga",
  "nome": "JAPARATINGA",
  "detalhe": {
    "2022": {
      "1": {
        "valores_gastos": 0.0
      },
      "2": {
        "valores_gastos": 0.0
      },
      "3": {
        "valores_gastos": 1717987.77
      },
      "4": {
        "valores_gastos": 1104120.0
      },
      "5": {
        "valores_gastos": 1637495.0
      },
      "6": {
        "valores_gastos": 540000.0
      },
      "7": {
        "valores_gastos": 4699574.57
      },
      "8": {
        "valores_gastos": 6310706.32
      },
      "9": {
        "valores_gastos": 1031140.0
      },
      "10": {
        "valores_gastos": 397500.0
      },
      "11": {
        "valores_gastos": 0.0
      },
      "12": {
        "valores_gastos": 220237563.17000002
      }
    },
    "2023": {
      "1": {
        "valores_gastos": 219175788.09
      },
      "2": {
        "valores_gastos": 0.0
      },
      "3": {
        "valores_gastos": 166915.0
      },
      "4": {
        "valores_gastos": 251302.0
      },
      "5": {
        "valores_gastos": 1098559.51
      },
      "6": {
        "valores_gastos": 459388.06000000006
      },
      "7": {
        "valores_gastos": 369064.8
      },
      "8": {
        "valores_gastos": 1641777.63
      },
      "9": {
        "valores_gastos": 3672000.0
      },
      "10": {
        "valores_gastos": 929312.52
      },
      "11": {
        "valores_gastos": 697350.29
      }
    }
  },
  "resumo": {
    "valores_gastos": 466137544.73
  }
}