{
  "id": "jequia-da-praia",
  "nome": "JEQUIÁ DA PRAIA",
  "detalhe": {
    "2022": {
      "resumo": {
        "valores_gastos": 940481526.18
      },
      "1": {
        "valores_gastos": 791557343.9200001
      },
      "2": {
        "valores_gastos": 1276966.36
      },
      "3": {
        "valores_gastos": 80997.48
      },
      "4": {
        "valores_gastos": 1831450.31
      },
      "5": {
        "valores_gastos": 1585766.43
      },
      "6": {
        "valores_gastos": 44273668.099999994
      },
      "7": {
        "valores_gastos": 43932422.53
      },
      "8": {
        "valores_gastos": 23414582.929999996
      },
      "9": {
        "valores_gastos": 3283444.76
      },
      "10": {
        "valores_gastos": 18481662.709999997
      },
      "11": {
        "valores_gastos": 2859378.24
      },
      "12": {
        "valores_gastos": 7903842.41
      }
    },
    "2023": {
      "resumo": {
        "valores_gastos": 108395862.77
      },
      "1": {
        "valores_gastos": 6752944.0
      },
      "2": {
        "valores_gastos": 1531306.51
      },
      "3": {
        "valores_gastos": 9218120.219999999
      },
      "4": {
        "valores_gastos": 5497695.98
      },
      "5": {
        "valores_gastos": 14795169.629999999
      },
      "6": {
        "valores_gastos": 1011297.84
      },
      "7": {
        "valores_gastos": 6723508.14
      },
      "8": {
        "valores_gastos": 31088124.449999996
      },
      "9": {
        "valores_gastos": 19218082.5
      },
      "10": {
        "valores_gastos": 2038064.73
      },
      "11": {
        "valores_gastos": 10521548.77
      }
    }
  },
  "resumo": {
    "valores_gastos": 1048877388.95
  }
}