{
  "id": "joaquim-gomes",
  "nome": "JOAQUIM GOMES",
  "detalhe": {
    "2022": {
      "1": {
        "valores_gastos": 219245.8
      },
      "2": {
        "valores_gastos": 8498978.010000002
      },
      "3": {
        "valores_gastos": 6635131.9
      },
      "4": {
        "valores_gastos": 2116694.73
      },
      "5": {
        "valores_gastos": 511958.38
      },
      "6": {
        "valores_gastos": 3977296.0100000002
      },
      "7": {
        "valores_gastos": 139595.72
      },
      "8": {
        "valores_gastos": 7963002.300000001
      },
      "9": {
        "valores_gastos": 3695155.1399999997
      },
      "10": {
        "valores_gastos": 25159.59
      },
      "11": {
        "valores_gastos": 8935827.399999999
      },
      "12": {
        "valores_gastos": 7425741.529999999
      }
    }
  }
}