{
  "id": "junqueiro",
  "nome": "JUNQUEIRO",
  "detalhe": {
    "2022": {
      "resumo": {
        "valores_gastos": 135616249185.86002
      },
      "1": {
        "valores_gastos": 6170880.100000001
      },
      "2": {
        "valores_gastos": 3952291.14
      },
      "3": {
        "valores_gastos": 6802505.800000001
      },
      "4": {
        "valores_gastos": 16646868.870000001
      },
      "5": {
        "valores_gastos": 39538038.730000004
      },
      "6": {
        "valores_gastos": 20319031.770000003
      },
      "7": {
        "valores_gastos": 18700066.979999997
      },
      "8": {
        "valores_gastos": 67546068978.51001
      },
      "9": {
        "valores_gastos": 19931147.37
      },
      "10": {
        "valores_gastos": 10763618.16
      },
      "11": {
        "valores_gastos": 4302913.64
      },
      "12": {
        "valores_gastos": 67923052844.79
      }
    },
    "2023": {
      "resumo": {
        "valores_gastos": 97318653917.34
      },
      "1": {
        "valores_gastos": 23327601.09
      },
      "2": {
        "valores_gastos": 8581976.620000001
      },
      "3": {
        "valores_gastos": 18497176.34
      },
      "4": {
        "valores_gastos": 11400718.94
      },
      "5": {
        "valores_gastos": 2868281.26
      },
      "6": {
        "valores_gastos": 48159418453.81
      },
      "7": {
        "valores_gastos": 14657628.71
      },
      "8": {
        "valores_gastos": 4777578.47
      },
      "9": {
        "valores_gastos": 51399526.400000006
      },
      "10": {
        "valores_gastos": 425272152.66
      },
      "11": {
        "valores_gastos": 48598452823.04
      }
    }
  },
  "resumo": {
    "valores_gastos": 232934903103.19998
  }
}