{
  "id": "major-izidoro",
  "nome": "MAJOR IZIDORO",
  "detalhe": {
    "2022": {
      "1": {
        "valores_gastos": 3088586.79
      },
      "2": {
        "valores_gastos": 105.6
      },
      "3": {
        "valores_gastos": 597075.98
      },
      "4": {
        "valores_gastos": 1281739.04
      },
      "5": {
        "valores_gastos": 6934815.42
      },
      "6": {
        "valores_gastos": 7160944.12
      },
      "7": {
        "valores_gastos": 2359350.0
      },
      "8": {
        "valores_gastos": 16444045.48
      },
      "9": {
        "valores_gastos": 4217839.9
      },
      "10": {
        "valores_gastos": 568966.1599999999
      },
      "11": {
        "valores_gastos": 2657455.45
      },
      "12": {
        "valores_gastos": 2600339.85
      }
    },
    "2023": {
      "1": {
        "valores_gastos": 8526623.56
      },
      "2": {
        "valores_gastos": 2391460.64
      },
      "3": {
        "valores_gastos": 25611418.8
      },
      "4": {
        "valores_gastos": 10449531.26
      },
      "5": {
        "valores_gastos": 14011947.52
      },
      "6": {
        "valores_gastos": 5876223.81
      },
      "7": {
        "valores_gastos": 1204192.57
      },
      "8": {
        "valores_gastos": 8816205.120000001
      },
      "9": {
        "valores_gastos": 12329285.43
      },
      "10": {
        "valores_gastos": 17246453.7
      },
      "11": {
        "valores_gastos": 10893837.87
      }
    }
  },
  "resumo": {
    "valores_gastos": 165268444.07
  }
}