{
  "id": "maragogi",
  "nome": "MARAGOGI",
  "detalhe": {
    "2022": {
      "resumo": {
        "valores_gastos": 4857421320.250003
      },
      "1": {
        "valores_gastos": 248208.0
      },
      "2": {
        "valores_gastos": 8191710.81
      },
      "3": {
        "valores_gastos": 16504888.819999998
      },
      "4": {
        "valores_gastos": 76521.45
      },
      "5": {
        "valores_gastos": 17555.0
      },
      "6": {
        "valores_gastos": 15634063.01
      },
      "7": {
        "valores_gastos": 854474.51
      },
      "8": {
        "valores_gastos": 3674727031.370004
      },
      "9": {
        "valores_gastos": 0.0
      },
      "10": {
        "valores_gastos": 1388484.470000001
      },
      "11": {
        "valores_gastos": 226600.0
      },
      "12": {
        "valores_gastos": 1139551782.8099992
      }
    },
    "2023": {
      "resumo": {
        "valores_gastos": 25035643.279999997
      },
      "1": {
        "valores_gastos": 248737.09
      },
      "2": {
        "valores_gastos": 361940.08999999997
      },
      "3": {
        "valores_gastos": 68318.0
      },
      "4": {
        "valores_gastos": 6964241.2700000005
      },
      "5": {
        "valores_gastos": 242654.0
      },
      "6": {
        "valores_gastos": 46200.0
      },
      "7": {
        "valores_gastos": 321084.35
      },
      "8": {
        "valores_gastos": 1048553.0499999999
      },
      "9": {
        "valores_gastos": 13489974.16
      },
      "10": {
        "valores_gastos": 1112337.3299999998
      },
      "11": {
        "valores_gastos": 1131603.94
      }
    }
  },
  "resumo": {
    "valores_gastos": 4882456963.530004
  }
}