{
  "id": "maravilha",
  "nome": "MARAVILHA",
  "detalhe": {
    "2022": {
      "resumo": {
        "valores_gastos": 443517277.07
      },
      "1": {
        "valores_gastos": 15000.0
      },
      "2": {
        "valores_gastos": 2230785.8699999996
      },
      "3": {
        "valores_gastos": 46110.479999999996
      },
      "4": {
        "valores_gastos": 228660.82
      },
      "5": {
        "valores_gastos": 669206.38
      },
      "6": {
        "valores_gastos": 305840.0
      },
      "7": {
        "valores_gastos": 203855.0
      },
      "8": {
        "valores_gastos": 310408.6
      },
      "9": {
        "valores_gastos": 104578.0
      },
      "10": {
        "valores_gastos": 216364.0
      },
      "11": {
        "valores_gastos": 139443.52
      },
      "12": {
        "valores_gastos": 439047024.4
      }
    },
    "2023": {
      "resumo": {
        "valores_gastos": 6484618.830000001
      },
      "1": {
        "valores_gastos": 364235.0
      },
      "2": {
        "valores_gastos": 162025.46000000002
      },
      "3": {
        "valores_gastos": 343191.64
      },
      "4": {
        "valores_gastos": 2178141.0700000008
      },
      "5": {
        "valores_gastos": 1484553.3000000003
      },
      "6": {
        "valores_gastos": 177750.0
      },
      "7": {
        "valores_gastos": 378766.8299999999
      },
      "8": {
        "valores_gastos": 771200.0900000001
      },
      "9": {
        "valores_gastos": 246455.44
      },
      "10": {
        "valores_gastos": 179680.0
      },
      "11": {
        "valores_gastos": 198620.0
      }
    }
  },
  "resumo": {
    "valores_gastos": 450001895.8999999
  }
}