{
  "id": "maribondo",
  "nome": "MARIBONDO",
  "detalhe": {
    "2022": {
      "1": {
        "valores_gastos": 0.0
      },
      "2": {
        "valores_gastos": 8116044.170000001
      },
      "3": {
        "valores_gastos": 2993230.34
      },
      "4": {
        "valores_gastos": 0.0
      },
      "5": {
        "valores_gastos": 6014101.29
      },
      "6": {
        "valores_gastos": 6386387.07
      },
      "7": {
        "valores_gastos": 10885057.420000002
      },
      "8": {
        "valores_gastos": 4182076.96
      },
      "9": {
        "valores_gastos": 10230890.86
      },
      "10": {
        "valores_gastos": 2176084.7199999997
      },
      "11": {
        "valores_gastos": 18371549.75
      },
      "12": {
        "valores_gastos": 110712825.47
      }
    },
    "2023": {
      "1": {
        "valores_gastos": 8365899.75
      },
      "2": {
        "valores_gastos": 22620290.28
      },
      "3": {
        "valores_gastos": 1810877.0699999998
      },
      "4": {
        "valores_gastos": 1585190.02
      },
      "5": {
        "valores_gastos": 15761393.66
      },
      "6": {
        "valores_gastos": 13674154.53
      },
      "7": {
        "valores_gastos": 7063092.149999999
      },
      "8": {
        "valores_gastos": 4577256.44
      },
      "9": {
        "valores_gastos": 1722170.6600000001
      },
      "10": {
        "valores_gastos": 11428035.410000002
      },
      "11": {
        "valores_gastos": 6304079.12
      }
    }
  },
  "resumo": {
    "valores_gastos": 274980687.14000005
  }
}