{
  "id": "mata-grande",
  "nome": "MATA GRANDE",
  "detalhe": {
    "2022": {
      "resumo": {
        "valores_gastos": 184928734.02
      },
      "1": {
        "valores_gastos": 56964033.260000005
      },
      "2": {
        "valores_gastos": 11095837.3
      },
      "3": {
        "valores_gastos": 10793483.77
      },
      "4": {
        "valores_gastos": 23733117.979999997
      },
      "5": {
        "valores_gastos": 4306998.5
      },
      "6": {
        "valores_gastos": 9957208.45
      },
      "7": {
        "valores_gastos": 23731950.099999998
      },
      "8": {
        "valores_gastos": 8145687.0
      },
      "9": {
        "valores_gastos": 4601884.71
      },
      "10": {
        "valores_gastos": 8907738.099999998
      },
      "11": {
        "valores_gastos": 17788548.200000003
      },
      "12": {
        "valores_gastos": 4902246.65
      }
    },
    "2023": {
      "resumo": {
        "valores_gastos": 120382329.56
      },
      "1": {
        "valores_gastos": 14357393.67
      },
      "2": {
        "valores_gastos": 1913194.0
      },
      "3": {
        "valores_gastos": 6580365.21
      },
      "4": {
        "valores_gastos": 13523973.540000001
      },
      "5": {
        "valores_gastos": 36648531.99
      },
      "6": {
        "valores_gastos": 8797109.58
      },
      "7": {
        "valores_gastos": 5342001.869999999
      },
      "8": {
        "valores_gastos": 12601640.24
      },
      "9": {
        "valores_gastos": 5216814.340000001
      },
      "10": {
        "valores_gastos": 11544068.5
      },
      "11": {
        "valores_gastos": 3857236.62
      }
    }
  },
  "resumo": {
    "valores_gastos": 305311063.58
  }
}