{
  "id": "messias",
  "nome": "MESSIAS",
  "detalhe": {
    "2022": {
      "resumo": {
        "valores_gastos": 498779167.87
      },
      "1": {
        "valores_gastos": 454766531.3
      },
      "2": {
        "valores_gastos": 4254235.4
      },
      "3": {
        "valores_gastos": 828142.9299999999
      },
      "4": {
        "valores_gastos": 12228761.8
      },
      "5": {
        "valores_gastos": 4589752.38
      },
      "6": {
        "valores_gastos": 1735049.8399999999
      },
      "7": {
        "valores_gastos": 9283441.52
      },
      "8": {
        "valores_gastos": 531230.7999999999
      },
      "9": {
        "valores_gastos": 3259063.43
      },
      "10": {
        "valores_gastos": 1020189.99
      },
      "11": {
        "valores_gastos": 4320787.63
      },
      "12": {
        "valores_gastos": 1961980.8499999999
      }
    },
    "2023": {
      "resumo": {
        "valores_gastos": 89380114.49000001
      },
      "1": {
        "valores_gastos": 14604728.769999998
      },
      "2": {
        "valores_gastos": 8366451.0
      },
      "3": {
        "valores_gastos": 25022277.98
      },
      "4": {
        "valores_gastos": 2766626.5500000003
      },
      "5": {
        "valores_gastos": 10913797.31
      },
      "6": {
        "valores_gastos": 8437262.760000002
      },
      "7": {
        "valores_gastos": 835627.39
      },
      "8": {
        "valores_gastos": 1161330.27
      },
      "9": {
        "valores_gastos": 1662773.67
      },
      "10": {
        "valores_gastos": 8334384.0600000005
      },
      "11": {
        "valores_gastos": 7274854.73
      }
    }
  },
  "resumo": {
    "valores_gastos": 588159282.3599998
  }
}