{
  "id": "minador-do-negrão",
  "nome": "MINADOR DO NEGRÃO",
  "detalhe": {
    "2022": {
      "1": {
        "valores_gastos": 176981827.25
      },
      "2": {
        "valores_gastos": 1139860.58
      },
      "3": {
        "valores_gastos": 872023.0
      },
      "4": {
        "valores_gastos": 6602894.7299999995
      },
      "5": {
        "valores_gastos": 3204615.55
      },
      "6": {
        "valores_gastos": 6621312.4799999995
      },
      "7": {
        "valores_gastos": 2807639.5799999996
      },
      "8": {
        "valores_gastos": 5975008.799999999
      },
      "9": {
        "valores_gastos": 9035833.27
      },
      "10": {
        "valores_gastos": 973694.3400000001
      },
      "11": {
        "valores_gastos": 4000.0
      },
      "12": {
        "valores_gastos": 195495119.83
      }
    }
  }
}