{
  "id": "novo-lino",
  "nome": "NOVO LINO",
  "detalhe": {
    "2022": {
      "resumo": {
        "valores_gastos": 123946252.29999998
      },
      "1": {
        "valores_gastos": 760105.0
      },
      "2": {
        "valores_gastos": 3048081.24
      },
      "3": {
        "valores_gastos": 9745698.01
      },
      "4": {
        "valores_gastos": 3858435.63
      },
      "5": {
        "valores_gastos": 5062557.99
      },
      "6": {
        "valores_gastos": 15074389.48
      },
      "7": {
        "valores_gastos": 4295126.44
      },
      "8": {
        "valores_gastos": 22768520.57
      },
      "9": {
        "valores_gastos": 10361530.709999999
      },
      "10": {
        "valores_gastos": 29083755.439999998
      },
      "11": {
        "valores_gastos": 2282749.63
      },
      "12": {
        "valores_gastos": 17605302.16
      }
    },
    "2023": {
      "resumo": {
        "valores_gastos": 690956987.9100001
      },
      "1": {
        "valores_gastos": 603546186.3800001
      },
      "2": {
        "valores_gastos": 20635259.759999998
      },
      "3": {
        "valores_gastos": 20991313.73
      },
      "4": {
        "valores_gastos": 4653565.86
      },
      "5": {
        "valores_gastos": 2713235.3
      },
      "6": {
        "valores_gastos": 5874830.550000001
      },
      "7": {
        "valores_gastos": 4603707.03
      },
      "8": {
        "valores_gastos": 14664288.85
      },
      "9": {
        "valores_gastos": 4535166.23
      },
      "10": {
        "valores_gastos": 4806388.140000001
      },
      "11": {
        "valores_gastos": 3933046.08
      }
    }
  },
  "resumo": {
    "valores_gastos": 814903240.21
  }
}