{
  "id": "olho-d'agua-das-flores",
  "nome": "OLHO D'ÁGUA DAS FLORES",
  "detalhe": {
    "2022": {
      "1": {
        "valores_gastos": 1098177.23
      },
      "2": {
        "valores_gastos": 42499729.71
      },
      "3": {
        "valores_gastos": 13440887.63
      },
      "4": {
        "valores_gastos": 5528646.7
      },
      "5": {
        "valores_gastos": 25873302.860000003
      },
      "6": {
        "valores_gastos": 15803117.3
      },
      "7": {
        "valores_gastos": 34068739.22
      },
      "8": {
        "valores_gastos": 36457157.93
      },
      "9": {
        "valores_gastos": 3298891.1900000004
      },
      "10": {
        "valores_gastos": 44461540.88
      },
      "11": {
        "valores_gastos": 50873295.83999999
      },
      "12": {
        "valores_gastos": 43711446.980000004
      }
    }
  }
}