{
  "id": "olho-d agua-do-casado",
  "nome": "OLHO D´AGUA DO CASADO",
  "detalhe": {
    "2022": {
      "1": {
        "valores_gastos": 29988689.060000002
      },
      "2": {
        "valores_gastos": 29011346.470000003
      },
      "3": {
        "valores_gastos": 28667882.13
      },
      "4": {
        "valores_gastos": 8015435.729999999
      },
      "5": {
        "valores_gastos": 25943951.53
      },
      "6": {
        "valores_gastos": 38625820.239999995
      },
      "7": {
        "valores_gastos": 42027884.29
      },
      "8": {
        "valores_gastos": 48488569.74999999
      },
      "9": {
        "valores_gastos": 43188415.529999994
      },
      "10": {
        "valores_gastos": 64047877.5
      },
      "11": {
        "valores_gastos": 17170431.49
      },
      "12": {
        "valores_gastos": 13132080.649999999
      }
    }
  }
}