{
  "id": "olho-dagua-das-flores",
  "nome": "OLHO D'ÁGUA DAS FLORES",
  "detalhe": {
    "2022": {
      "resumo": {
        "valores_gastos": 735630063.4200001
      },
      "1": {
        "valores_gastos": 419487307.18000007
      },
      "2": {
        "valores_gastos": 42499729.71
      },
      "3": {
        "valores_gastos": 13440887.63
      },
      "4": {
        "valores_gastos": 5654646.7
      },
      "5": {
        "valores_gastos": 25873302.860000003
      },
      "6": {
        "valores_gastos": 15803117.3
      },
      "7": {
        "valores_gastos": 34068739.22
      },
      "8": {
        "valores_gastos": 36457157.93
      },
      "9": {
        "valores_gastos": 3298891.1900000004
      },
      "10": {
        "valores_gastos": 44461540.88
      },
      "11": {
        "valores_gastos": 50873295.83999999
      },
      "12": {
        "valores_gastos": 43711446.980000004
      }
    },
    "2023": {
      "resumo": {
        "valores_gastos": 292122001.23
      },
      "1": {
        "valores_gastos": 17827398.060000002
      },
      "2": {
        "valores_gastos": 22498839.7
      },
      "3": {
        "valores_gastos": 16102366.490000002
      },
      "4": {
        "valores_gastos": 48295362.67
      },
      "5": {
        "valores_gastos": 31975746.689999998
      },
      "6": {
        "valores_gastos": 12564602.11
      },
      "7": {
        "valores_gastos": 8580918.309999999
      },
      "8": {
        "valores_gastos": 55760273.46999999
      },
      "9": {
        "valores_gastos": 19989132.659999996
      },
      "10": {
        "valores_gastos": 21495783.459999997
      },
      "11": {
        "valores_gastos": 37031577.61
      }
    }
  },
  "resumo": {
    "valores_gastos": 1027752064.65
  }
}