{
  "id": "palestina",
  "nome": "PALESTINA",
  "detalhe": {
    "2022": {
      "1": {
        "valores_gastos": 75610.0
      },
      "2": {
        "valores_gastos": 703139.3999999999
      },
      "3": {
        "valores_gastos": 4833369.2
      },
      "4": {
        "valores_gastos": 1720750.92
      },
      "5": {
        "valores_gastos": 5248482.92
      },
      "6": {
        "valores_gastos": 3391796.9
      },
      "7": {
        "valores_gastos": 819938.05
      },
      "8": {
        "valores_gastos": 3081041.8400000003
      },
      "9": {
        "valores_gastos": 343510.16
      },
      "10": {
        "valores_gastos": 343663.63
      },
      "11": {
        "valores_gastos": 1218895.36
      },
      "12": {
        "valores_gastos": 1324127.8399999999
      }
    },
    "2023": {
      "1": {
        "valores_gastos": 1164646.63
      },
      "2": {
        "valores_gastos": 56000.0
      },
      "3": {
        "valores_gastos": 971548.5
      },
      "4": {
        "valores_gastos": 24485555.7
      },
      "5": {
        "valores_gastos": 894104.2
      },
      "6": {
        "valores_gastos": 3819000.0
      },
      "7": {
        "valores_gastos": 2104403.2
      },
      "8": {
        "valores_gastos": 1392091.1400000001
      },
      "9": {
        "valores_gastos": 2622364.3
      },
      "10": {
        "valores_gastos": 798745.0399999999
      },
      "11": {
        "valores_gastos": 256317.47999999998
      }
    }
  },
  "resumo": {
    "valores_gastos": 61669102.41
  }
}