{
  "id": "piaabuu",
  "nome": "PIAÇABUÇU",
  "detalhe": {
    "2022": {
      "resumo": {
        "valores_gastos": 240159069.04000002
      },
      "1": {
        "valores_gastos": 12531445.14
      },
      "2": {
        "valores_gastos": 8842041.719999999
      },
      "3": {
        "valores_gastos": 28537156.02
      },
      "4": {
        "valores_gastos": 6502410.959999999
      },
      "5": {
        "valores_gastos": 70257404.49
      },
      "6": {
        "valores_gastos": 4540524.5
      },
      "7": {
        "valores_gastos": 11722760.86
      },
      "8": {
        "valores_gastos": 10528662.8
      },
      "9": {
        "valores_gastos": 21123353.3
      },
      "10": {
        "valores_gastos": 24424375.94
      },
      "11": {
        "valores_gastos": 13046095.020000001
      },
      "12": {
        "valores_gastos": 28102838.29
      }
    },
    "2023": {
      "resumo": {
        "valores_gastos": 118079210.28999998
      },
      "1": {
        "valores_gastos": 5165959.83
      },
      "2": {
        "valores_gastos": 20196036.25
      },
      "3": {
        "valores_gastos": 43727818.029999994
      },
      "4": {
        "valores_gastos": 4645587.59
      },
      "5": {
        "valores_gastos": 31582427.45
      },
      "6": {
        "valores_gastos": 308515.27
      },
      "7": {
        "valores_gastos": 52650.0
      },
      "8": {
        "valores_gastos": 5747127.5600000005
      },
      "9": {
        "valores_gastos": 4012093.96
      },
      "10": {
        "valores_gastos": 57730.0
      },
      "11": {
        "valores_gastos": 2583264.35
      }
    }
  },
  "resumo": {
    "valores_gastos": 358238279.33
  }
}