{
  "id": "porto-calvo",
  "nome": "PORTO CALVO",
  "detalhe": {
    "2022": {
      "resumo": {
        "valores_gastos": 43908067.73
      },
      "1": {
        "valores_gastos": 2438352.52
      },
      "2": {
        "valores_gastos": 7408746.7700000005
      },
      "3": {
        "valores_gastos": 347430.0
      },
      "4": {
        "valores_gastos": 5384407.86
      },
      "5": {
        "valores_gastos": 639630.54
      },
      "6": {
        "valores_gastos": 7533587.13
      },
      "7": {
        "valores_gastos": 1231868.8800000001
      },
      "8": {
        "valores_gastos": 1967193.56
      },
      "9": {
        "valores_gastos": 140937.72999999998
      },
      "10": {
        "valores_gastos": 2915568.24
      },
      "11": {
        "valores_gastos": 9480159.790000001
      },
      "12": {
        "valores_gastos": 4420184.71
      }
    },
    "2023": {
      "resumo": {
        "valores_gastos": 76175079.24000001
      },
      "1": {
        "valores_gastos": 15042341.940000001
      },
      "2": {
        "valores_gastos": 2766325.33
      },
      "3": {
        "valores_gastos": 6755879.96
      },
      "4": {
        "valores_gastos": 5775428.18
      },
      "5": {
        "valores_gastos": 5381082.42
      },
      "6": {
        "valores_gastos": 6099866.569999999
      },
      "7": {
        "valores_gastos": 7928455.3500000015
      },
      "8": {
        "valores_gastos": 8802895.01
      },
      "9": {
        "valores_gastos": 4258484.37
      },
      "10": {
        "valores_gastos": 7080625.850000001
      },
      "11": {
        "valores_gastos": 6283694.260000001
      }
    }
  },
  "resumo": {
    "valores_gastos": 120083146.97
  }
}