{
  "id": "porto-real-do-colégio",
  "nome": "PORTO REAL DO COLÉGIO",
  "detalhe": {
    "2022": {
      "1": {
        "valores_gastos": 190977060.0
      },
      "2": {
        "valores_gastos": 1220437.76
      },
      "3": {
        "valores_gastos": 245505.59999999998
      },
      "4": {
        "valores_gastos": 886971.8
      },
      "5": {
        "valores_gastos": 450000.0
      },
      "6": {
        "valores_gastos": 2526240.6
      },
      "7": {
        "valores_gastos": 2961694.81
      },
      "8": {
        "valores_gastos": 977801.92
      },
      "9": {
        "valores_gastos": 3080523.06
      },
      "10": {
        "valores_gastos": 209764.75999999998
      },
      "11": {
        "valores_gastos": 1309080.0
      },
      "12": {
        "valores_gastos": 1915184.29
      }
    },
    "2023": {
      "1": {
        "valores_gastos": 1784662.8499999999
      },
      "2": {
        "valores_gastos": 848113002.0
      },
      "3": {
        "valores_gastos": 3191517.61
      },
      "4": {
        "valores_gastos": 3471045.0800000005
      },
      "5": {
        "valores_gastos": 3763420.86
      },
      "6": {
        "valores_gastos": 6387256.690000001
      },
      "7": {
        "valores_gastos": 7170928.0200000005
      },
      "8": {
        "valores_gastos": 5973872.52
      },
      "9": {
        "valores_gastos": 629120.0
      },
      "10": {
        "valores_gastos": 7066710.54
      },
      "11": {
        "valores_gastos": 14813552.220000047
      }
    }
  },
  "resumo": {
    "valores_gastos": 1109125352.99
  }
}