{
  "id": "rio-largo",
  "nome": "RIO LARGO",
  "detalhe": {
    "2022": {
      "1": {
        "valores_gastos": 27073436.57
      },
      "2": {
        "valores_gastos": 36006142.82000001
      },
      "3": {
        "valores_gastos": 32345670.57
      },
      "4": {
        "valores_gastos": 21639895.91
      },
      "5": {
        "valores_gastos": 84919084.02000001
      },
      "6": {
        "valores_gastos": 10958632.55
      },
      "7": {
        "valores_gastos": 10505211.510000002
      },
      "8": {
        "valores_gastos": 7159030.94
      },
      "9": {
        "valores_gastos": 42612340.3
      },
      "10": {
        "valores_gastos": 7846352.329999999
      },
      "11": {
        "valores_gastos": 8158786.5
      },
      "12": {
        "valores_gastos": 1394505383.74
      }
    },
    "2023": {
      "1": {
        "valores_gastos": 1380009673.9999998
      },
      "2": {
        "valores_gastos": 7932956.399999999
      },
      "3": {
        "valores_gastos": 33425804.729999997
      },
      "4": {
        "valores_gastos": 17895107.21
      },
      "5": {
        "valores_gastos": 28778279.589999996
      },
      "6": {
        "valores_gastos": 24816612.5
      },
      "7": {
        "valores_gastos": 14074150.329999998
      },
      "8": {
        "valores_gastos": 59830551.330000006
      },
      "9": {
        "valores_gastos": 11010609.279999997
      },
      "10": {
        "valores_gastos": 18401924.09
      },
      "11": {
        "valores_gastos": 85988132.99
      }
    }
  },
  "resumo": {
    "valores_gastos": 3365893770.21
  }
}