{
  "id": "santana-do-ipanema",
  "nome": "SANTANA DO IPANEMA",
  "detalhe": {
    "2022": {
      "resumo": {
        "valores_gastos": 163035393.5
      },
      "1": {
        "valores_gastos": 11087192.0
      },
      "2": {
        "valores_gastos": 0.0
      },
      "3": {
        "valores_gastos": 2786936.2
      },
      "4": {
        "valores_gastos": 2652360.0
      },
      "5": {
        "valores_gastos": 2469064.15
      },
      "6": {
        "valores_gastos": 29341343.02
      },
      "7": {
        "valores_gastos": 2654654.9
      },
      "8": {
        "valores_gastos": 5163846.0
      },
      "9": {
        "valores_gastos": 70963416.16
      },
      "10": {
        "valores_gastos": 12471060.18
      },
      "11": {
        "valores_gastos": 0.0
      },
      "12": {
        "valores_gastos": 23445520.89
      }
    },
    "2023": {
      "resumo": {
        "valores_gastos": 294611417.0500001
      },
      "1": {
        "valores_gastos": 0.0
      },
      "2": {
        "valores_gastos": 19812681.54
      },
      "3": {
        "valores_gastos": 23899115.880000003
      },
      "4": {
        "valores_gastos": 11272474.0
      },
      "5": {
        "valores_gastos": 14674953.190000001
      },
      "6": {
        "valores_gastos": 78482868.96999998
      },
      "7": {
        "valores_gastos": 17341796.8
      },
      "8": {
        "valores_gastos": 52968822.730000004
      },
      "9": {
        "valores_gastos": 10454225.0
      },
      "10": {
        "valores_gastos": 47560549.72
      },
      "11": {
        "valores_gastos": 18143929.22
      }
    }
  },
  "resumo": {
    "valores_gastos": 457646810.5500001
  }
}