{
  "id": "santana-do-mundau",
  "nome": "SANTANA DO MUNDAÚ",
  "detalhe": {
    "2022": {
      "1": {
        "valores_gastos": 795513.42
      },
      "2": {
        "valores_gastos": 8260263.92
      },
      "3": {
        "valores_gastos": 4832630.27
      },
      "4": {
        "valores_gastos": 157950.0
      },
      "5": {
        "valores_gastos": 25043442.34
      },
      "6": {
        "valores_gastos": 7170528.08
      },
      "7": {
        "valores_gastos": 4197645.289999999
      },
      "8": {
        "valores_gastos": 4583823.4
      },
      "9": {
        "valores_gastos": 16579454.27
      },
      "10": {
        "valores_gastos": 797228.9299999999
      },
      "11": {
        "valores_gastos": 12160933.030000001
      },
      "12": {
        "valores_gastos": 20942105.85
      }
    }
  }
}