{
  "id": "sao-jose-da-laje",
  "nome": "SÃO JOSÉ DA LAJE",
  "detalhe": {
    "2022": {
      "resumo": {
        "valores_gastos": 83143955.85
      },
      "1": {
        "valores_gastos": 6344546.22
      },
      "2": {
        "valores_gastos": 488497.33
      },
      "3": {
        "valores_gastos": 1060420.81
      },
      "4": {
        "valores_gastos": 2965722.22
      },
      "5": {
        "valores_gastos": 9829780.370000001
      },
      "6": {
        "valores_gastos": 24498952.77
      },
      "7": {
        "valores_gastos": 2067726.38
      },
      "8": {
        "valores_gastos": 11339532.04
      },
      "9": {
        "valores_gastos": 5967507.859999999
      },
      "10": {
        "valores_gastos": 6086628.8
      },
      "11": {
        "valores_gastos": 4665127.92
      },
      "12": {
        "valores_gastos": 7829513.129999999
      }
    },
    "2023": {
      "resumo": {
        "valores_gastos": 122141331.63999999
      },
      "1": {
        "valores_gastos": 5044014.929999998
      },
      "2": {
        "valores_gastos": 11616539.879999999
      },
      "3": {
        "valores_gastos": 3999070.5
      },
      "4": {
        "valores_gastos": 7728373.42
      },
      "5": {
        "valores_gastos": 10497038.760000002
      },
      "6": {
        "valores_gastos": 30281466.949999996
      },
      "7": {
        "valores_gastos": 31586427.1
      },
      "8": {
        "valores_gastos": 7607824.909999998
      },
      "9": {
        "valores_gastos": 10428888.66
      },
      "10": {
        "valores_gastos": 1004483.67
      },
      "11": {
        "valores_gastos": 2347202.8600000003
      }
    }
  },
  "resumo": {
    "valores_gastos": 205285287.48999998
  }
}