{
  "id": "sao-luis-do-quitunde",
  "nome": "SÃO LUIS DO QUITUNDE",
  "detalhe": {
    "2022": {
      "1": {
        "valores_gastos": 4322305.8
      },
      "2": {
        "valores_gastos": 25958900.67
      },
      "3": {
        "valores_gastos": 4243792.17
      },
      "4": {
        "valores_gastos": 1426000.0
      },
      "5": {
        "valores_gastos": 5960945.5
      },
      "6": {
        "valores_gastos": 12973711.48
      },
      "7": {
        "valores_gastos": 7939131.51
      },
      "8": {
        "valores_gastos": 10580713.61
      },
      "9": {
        "valores_gastos": 5106728.83
      },
      "10": {
        "valores_gastos": 28642671.740000002
      },
      "11": {
        "valores_gastos": 8383264.199999999
      },
      "12": {
        "valores_gastos": 5909123.55
      }
    },
    "2023": {
      "1": {
        "valores_gastos": 5449804.4
      },
      "2": {
        "valores_gastos": 1257289.27
      },
      "3": {
        "valores_gastos": 23624042.27
      },
      "4": {
        "valores_gastos": 10898986.46
      },
      "5": {
        "valores_gastos": 11836131.0
      },
      "6": {
        "valores_gastos": 6858768.38
      },
      "7": {
        "valores_gastos": 4458970.24
      },
      "8": {
        "valores_gastos": 3425865.18
      },
      "9": {
        "valores_gastos": 1810696.25
      },
      "10": {
        "valores_gastos": 3137204.95
      },
      "11": {
        "valores_gastos": 7109856.3
      }
    }
  },
  "resumo": {
    "valores_gastos": 201314903.76000002
  }
}