{
  "id": "sao-jose-da-tapera",
  "nome": "SÃO JOSÉ DA TAPERA",
  "detalhe": {
    "2022": {
      "resumo": {
        "valores_gastos": 6156928622.179999
      },
      "1": {
        "valores_gastos": 1241601.13
      },
      "2": {
        "valores_gastos": 2193762.0
      },
      "3": {
        "valores_gastos": 567657.0
      },
      "4": {
        "valores_gastos": 3112328806.069999
      },
      "5": {
        "valores_gastos": 98483377.47999999
      },
      "6": {
        "valores_gastos": 9160095.709999999
      },
      "7": {
        "valores_gastos": 15296849.8
      },
      "8": {
        "valores_gastos": 4268852.16
      },
      "9": {
        "valores_gastos": 75582634.78999998
      },
      "10": {
        "valores_gastos": 1046800.4
      },
      "11": {
        "valores_gastos": 308648.2
      },
      "12": {
        "valores_gastos": 2836449537.44
      }
    },
    "2023": {
      "resumo": {
        "valores_gastos": 35475970.24
      },
      "1": {
        "valores_gastos": 233316.0
      },
      "2": {
        "valores_gastos": 1031784.0
      },
      "3": {
        "valores_gastos": 9675240.01
      },
      "4": {
        "valores_gastos": 12119735.5
      },
      "5": {
        "valores_gastos": 8513897.13
      },
      "6": {
        "valores_gastos": 582330.0
      },
      "7": {
        "valores_gastos": 216066.82
      },
      "8": {
        "valores_gastos": 150334.97
      },
      "9": {
        "valores_gastos": 187000.0
      },
      "10": {
        "valores_gastos": 342820.0
      },
      "11": {
        "valores_gastos": 2423445.8100000005
      }
    }
  },
  "resumo": {
    "valores_gastos": 6192404592.42
  }
}