{
  "id": "satuba",
  "nome": "SATUBA",
  "detalhe": {
    "2022": {
      "resumo": {
        "valores_gastos": 165463983.53
      },
      "1": {
        "valores_gastos": 39240726.8
      },
      "2": {
        "valores_gastos": 10692861.72
      },
      "3": {
        "valores_gastos": 9976221.27
      },
      "4": {
        "valores_gastos": 7112613.4
      },
      "5": {
        "valores_gastos": 22051793.97
      },
      "6": {
        "valores_gastos": 11235539.48
      },
      "7": {
        "valores_gastos": 1188983.12
      },
      "8": {
        "valores_gastos": 21443791.01
      },
      "9": {
        "valores_gastos": 5314544.529999999
      },
      "10": {
        "valores_gastos": 12729320.89
      },
      "11": {
        "valores_gastos": 21727833.5
      },
      "12": {
        "valores_gastos": 2749753.8400000003
      }
    },
    "2023": {
      "resumo": {
        "valores_gastos": 79419953.35
      },
      "1": {
        "valores_gastos": 10712964.34
      },
      "2": {
        "valores_gastos": 10336171.25
      },
      "3": {
        "valores_gastos": 16267132.07
      },
      "4": {
        "valores_gastos": 2023241.3
      },
      "5": {
        "valores_gastos": 17787865.33
      },
      "6": {
        "valores_gastos": 928229.8999999999
      },
      "7": {
        "valores_gastos": 2039336.72
      },
      "8": {
        "valores_gastos": 5282085.49
      },
      "9": {
        "valores_gastos": 358093.52
      },
      "10": {
        "valores_gastos": 3324749.3
      },
      "11": {
        "valores_gastos": 10360084.129999999
      }
    }
  },
  "resumo": {
    "valores_gastos": 244883936.88000003
  }
}