{
  "id": "são-josé-da-tapera",
  "nome": "SÃO JOSÉ DA TAPERA",
  "detalhe": {
    "2022": {
      "1": {
        "valores_gastos": 1206601.13
      },
      "2": {
        "valores_gastos": 2184662.0
      },
      "3": {
        "valores_gastos": 567657.0
      },
      "4": {
        "valores_gastos": 3112328806.069999
      },
      "5": {
        "valores_gastos": 98483377.47999999
      },
      "6": {
        "valores_gastos": 9160095.709999999
      },
      "7": {
        "valores_gastos": 15296849.8
      },
      "8": {
        "valores_gastos": 4268852.16
      },
      "9": {
        "valores_gastos": 75582634.78999998
      },
      "10": {
        "valores_gastos": 1046800.4
      },
      "11": {
        "valores_gastos": 308648.2
      },
      "12": {
        "valores_gastos": 2836449537.44
      }
    }
  }
}