{
  "id": "tanque-d´arca",
  "nome": "TANQUE D´ARCA",
  "detalhe": {
    "2022": {
      "1": {
        "valores_gastos": 1554840.24
      },
      "2": {
        "valores_gastos": 4469393.609999999
      },
      "3": {
        "valores_gastos": 8197391.47
      },
      "4": {
        "valores_gastos": 4344392.3
      },
      "5": {
        "valores_gastos": 5720892.529999999
      },
      "6": {
        "valores_gastos": 2326611.84
      },
      "7": {
        "valores_gastos": 16223535.07
      },
      "8": {
        "valores_gastos": 6466916.18
      },
      "9": {
        "valores_gastos": 4860165.989999999
      },
      "10": {
        "valores_gastos": 3301403.3600000003
      },
      "11": {
        "valores_gastos": 11605588.120000001
      },
      "12": {
        "valores_gastos": 72664833.24000001
      }
    }
  }
}