{
  "id": "teotonio-vilela",
  "nome": "TEOTONIO VILELA",
  "detalhe": {
    "2022": {
      "1": {
        "valores_gastos": 54944548.26
      },
      "2": {
        "valores_gastos": 30295072.559999995
      },
      "3": {
        "valores_gastos": 38446529.050000004
      },
      "4": {
        "valores_gastos": 48132264.510000005
      },
      "5": {
        "valores_gastos": 56468224.080000006
      },
      "6": {
        "valores_gastos": 63902417.19000001
      },
      "7": {
        "valores_gastos": 174826709.61
      },
      "8": {
        "valores_gastos": 86449791.93999998
      },
      "9": {
        "valores_gastos": 123118813.64999996
      },
      "10": {
        "valores_gastos": 26125073.000000007
      },
      "11": {
        "valores_gastos": 18316836.310000002
      },
      "12": {
        "valores_gastos": 156737216.67999998
      }
    },
    "2023": {
      "1": {
        "valores_gastos": 128511303.12
      },
      "2": {
        "valores_gastos": 85329351.05999999
      },
      "3": {
        "valores_gastos": 85282830.69000004
      },
      "4": {
        "valores_gastos": 83205947.19000004
      },
      "5": {
        "valores_gastos": 51973920.93
      },
      "6": {
        "valores_gastos": 66276483.09000001
      },
      "7": {
        "valores_gastos": 44653099.349999994
      },
      "8": {
        "valores_gastos": 185679807.85999998
      },
      "9": {
        "valores_gastos": 46560693.739999995
      },
      "10": {
        "valores_gastos": 37879556.22
      },
      "11": {
        "valores_gastos": 20800150.43
      }
    }
  },
  "resumo": {
    "valores_gastos": 1713916640.52
  }
}