{
  "token_acc": 1.0,
  "token_p": 0.9988117635,
  "token_r": 0.9995045581,
  "token_f": 0.9991580407,
  "pos_acc": 0.9624052702,
  "morph_acc": 0.947102526,
  "morph_micro_p": 0.9737674322,
  "morph_micro_r": 0.9677967848,
  "morph_micro_f": 0.9707729281,
  "morph_per_feat": {
    "Mood": {
      "p": 0.9573690621,
      "r": 0.9504232164,
      "f": 0.9538834951
    },
    "Number": {
      "p": 0.9923197492,
      "r": 0.9859834917,
      "f": 0.9891414733
    },
    "Person": {
      "p": 0.9581993569,
      "r": 0.9541088581,
      "f": 0.9561497326
    },
    "Tense": {
      "p": 0.9194373402,
      "r": 0.9460526316,
      "f": 0.9325551232
    },
    "VerbForm": {
      "p": 0.9602227526,
      "r": 0.9564183835,
      "f": 0.9583167924
    },
    "Gender": {
      "p": 0.9592865452,
      "r": 0.9462612354,
      "f": 0.9527293733
    },
    "PronType": {
      "p": 0.9875130073,
      "r": 0.980878553,
      "f": 0.9841845994
    },
    "Definite": {
      "p": 0.9965940054,
      "r": 0.9911924119,
      "f": 0.9938858696
    },
    "NumType": {
      "p": 0.9611650485,
      "r": 0.9737704918,
      "f": 0.9674267101
    },
    "Voice": {
      "p": 0.8965517241,
      "r": 0.9069767442,
      "f": 0.901734104
    },
    "Polarity": {
      "p": 1.0,
      "r": 1.0,
      "f": 1.0
    },
    "Case": {
      "p": 0.9,
      "r": 0.9183673469,
      "f": 0.9090909091
    }
  },
  "sents_p": 0.9275362319,
  "sents_r": 0.9490759452,
  "sents_f": 0.9277043528,
  "dep_uas": 0.8891065154,
  "dep_las": 0.8444034795,
  "dep_las_per_type": {
    "cop": {
      "p": 0.8441558442,
      "r": 0.9219858156,
      "f": 0.8813559322
    },
    "root": {
      "p": 0.9148550725,
      "r": 0.9017857143,
      "f": 0.9082733813
    },
    "det": {
      "p": 0.9668874172,
      "r": 0.9615806806,
      "f": 0.9642267474
    },
    "amod": {
      "p": 0.9131513648,
      "r": 0.8975609756,
      "f": 0.9052890529
    },
    "nsubj": {
      "p": 0.8687943262,
      "r": 0.8551483421,
      "f": 0.8619173263
    },
    "case": {
      "p": 0.9745060548,
      "r": 0.9757498405,
      "f": 0.975127551
    },
    "nmod": {
      "p": 0.800436205,
      "r": 0.8173719376,
      "f": 0.808815427
    },
    "flat:name": {
      "p": 0.8305084746,
      "r": 0.8909090909,
      "f": 0.8596491228
    },
    "acl": {
      "p": 0.5925925926,
      "r": 0.5517241379,
      "f": 0.5714285714
    },
    "advmod": {
      "p": 0.7881355932,
      "r": 0.7926136364,
      "f": 0.790368272
    },
    "obl": {
      "p": 0.6457925636,
      "r": 0.6790123457,
      "f": 0.6619859579
    },
    "conj": {
      "p": 0.5655430712,
      "r": 0.557195572,
      "f": 0.56133829
    },
    "cc": {
      "p": 0.8675213675,
      "r": 0.8826086957,
      "f": 0.875
    },
    "obj": {
      "p": 0.8485477178,
      "r": 0.7880539499,
      "f": 0.8171828172
    },
    "obl:agent": {
      "p": 0.8666666667,
      "r": 0.8666666667,
      "f": 0.8666666667
    },
    "acl:relcl": {
      "p": 0.6517857143,
      "r": 0.6886792453,
      "f": 0.6697247706
    },
    "mark": {
      "p": 0.858490566,
      "r": 0.8504672897,
      "f": 0.8544600939
    },
    "advcl": {
      "p": 0.5147058824,
      "r": 0.625,
      "f": 0.564516129
    },
    "xcomp": {
      "p": 0.8083333333,
      "r": 0.776,
      "f": 0.7918367347
    },
    "iobj": {
      "p": 0.5,
      "r": 0.2272727273,
      "f": 0.3125
    },
    "appos": {
      "p": 0.5789473684,
      "r": 0.6036585366,
      "f": 0.5910447761
    },
    "fixed": {
      "p": 0.7547169811,
      "r": 0.7142857143,
      "f": 0.7339449541
    },
    "nummod": {
      "p": 0.9668874172,
      "r": 0.9358974359,
      "f": 0.9511400651
    },
    "aux": {
      "p": 0.9682539683,
      "r": 0.9838709677,
      "f": 0.976
    },
    "csubj": {
      "p": 0.5,
      "r": 0.375,
      "f": 0.4285714286
    },
    "ccomp": {
      "p": 0.6862745098,
      "r": 0.5833333333,
      "f": 0.6306306306
    },
    "orphan": {
      "p": 0.0,
      "r": 0.0,
      "f": 0.0
    },
    "flat": {
      "p": 1.0,
      "r": 1.0,
      "f": 1.0
    },
    "aux:pass": {
      "p": 0.9850746269,
      "r": 0.9705882353,
      "f": 0.9777777778
    },
    "nsubj:pass": {
      "p": 0.8363636364,
      "r": 0.8518518519,
      "f": 0.8440366972
    },
    "parataxis": {
      "p": 0.3773584906,
      "r": 0.2816901408,
      "f": 0.3225806452
    },
    "list": {
      "p": 0.0,
      "r": 0.0,
      "f": 0.0
    },
    "expl": {
      "p": 0.72,
      "r": 0.9473684211,
      "f": 0.8181818182
    },
    "dep": {
      "p": 0.0,
      "r": 0.0,
      "f": 0.0
    },
    "compound": {
      "p": 1.0,
      "r": 0.4,
      "f": 0.5714285714
    },
    "vocative": {
      "p": 0.0,
      "r": 0.0,
      "f": 0.0
    },
    "discourse": {
      "p": 0.0,
      "r": 0.0,
      "f": 0.0
    },
    "expl:pass": {
      "p": 0.0,
      "r": 0.0,
      "f": 0.0
    },
    "flat:foreign": {
      "p": 1.0,
      "r": 0.25,
      "f": 0.4
    }
  },
  "lemma_acc": 0.9675598039,
  "tag_acc": 0.8880083214,
  "ents_p": 0.8794147723,
  "ents_r": 0.8800897408,
  "ents_f": 0.8797521271,
  "ents_per_type": {
    "LOC": {
      "p": 0.8992701735,
      "r": 0.9184950774,
      "f": 0.908780963
    },
    "PER": {
      "p": 0.8891681327,
      "r": 0.8956962025,
      "f": 0.8924202295
    },
    "ORG": {
      "p": 0.831196083,
      "r": 0.7962921599,
      "f": 0.813369838
    },
    "MISC": {
      "p": 0.7922194335,
      "r": 0.7308964605,
      "f": 0.7603234687
    }
  },
  "speed": 7800.3576991246
}